"","diffExp","InfoGain","InfoGain_norm","GCV","ForwardSel","ForwardSel_norm","RF","Boruta","sumScore"
"D00120.001",0,3,3,1,1,0,3,1,12
"interior_loop",1,3,3,1,0,0,3,0,11
"D00290.003",0,3,3,1,0,0,3,1,11
"length",1,3,3,0,0,0,3,0,10
"D00302.003",0,3,3,0,0,0,3,1,10
"D00355.002",0,3,3,0,0,0,3,1,10
"D00393.003",0,3,3,1,0,0,3,0,10
"D00413.003",1,3,3,0,0,0,3,0,10
"D00460.003",0,3,3,0,0,0,3,1,10
"D00476.002",0,3,3,0,0,0,3,1,10
"D00478.003",0,3,3,0,0,0,3,1,10
"D00485.004",0,3,3,0,0,0,3,1,10
"D00491.003",0,3,3,0,0,0,3,1,10
"D00506.003",0,3,3,0,0,0,3,1,10
"D00515.002",0,3,3,0,0,0,3,1,10
"D00525.002",0,3,3,0,0,0,3,1,10
"D00529.001",0,3,3,0,0,0,3,1,10
"D00533.003",0,3,3,0,0,0,3,1,10
"FreeEnergy",1,3,2,0,0,0,3,0,9
"longestStemLoop",1,3,2,0,0,0,3,0,9
"D00084.001",0,2,3,1,0,0,3,0,9
"D00303.002",0,3,3,0,0,0,2,1,9
"D00315.003",0,3,3,0,0,0,3,0,9
"D00323.002",0,3,3,0,0,0,3,0,9
"D00096.001",0,3,3,0,0,0,3,0,9
"D00336.001",0,3,3,0,0,0,3,0,9
"D00339.002",0,3,3,0,0,0,2,1,9
"D00343.003",0,3,3,0,0,0,3,0,9
"D00364.002",0,3,3,0,0,0,3,0,9
"D00365.003",0,3,3,0,0,0,3,0,9
"D00394.003",0,3,3,0,0,0,2,1,9
"D00101.001",0,3,3,0,0,0,2,1,9
"D00104.001",0,3,3,0,0,0,3,0,9
"D00438.003",0,3,2,0,0,0,3,1,9
"D00441.003",0,3,3,0,0,0,2,1,9
"D00442.003",0,3,3,0,0,0,3,0,9
"D00447.002",0,3,2,0,0,0,3,1,9
"D00450.003",0,3,3,0,0,0,3,0,9
"D00454.003",0,3,3,0,0,0,2,1,9
"D00459.003",0,3,3,0,0,0,2,1,9
"D00461.003",0,3,3,0,0,0,2,1,9
"D00475.003",0,2,3,0,0,0,3,1,9
"D00479.006",0,3,3,0,0,0,2,1,9
"D00493.003",0,3,3,0,0,0,2,1,9
"D00497.002",0,3,3,0,0,0,2,1,9
"D00499.001",0,3,3,0,0,0,3,0,9
"D00517.002",0,2,3,0,0,0,3,1,9
"D00534.003",0,3,3,0,0,0,2,1,9
"D00540.002",0,3,3,0,0,0,3,0,9
"D00546.003",0,3,3,0,0,0,3,0,9
"D00552.002",0,3,3,0,0,0,3,0,9
"D00566.003",0,3,3,0,0,0,3,0,9
"D00213.001",0,3,3,0,0,0,3,0,9
"D00202.001",0,3,3,0,0,0,3,0,9
"D00573.002",0,3,3,0,0,0,3,0,9
"D00593.003",0,3,3,0,0,0,3,0,9
"D00621.003",0,3,3,0,0,0,3,0,9
"D00144.001",0,3,3,0,0,0,3,0,9
"D00632.001",0,3,3,0,0,0,3,0,9
"D00151.001",0,3,3,0,0,0,3,0,9
"D00646.002",0,3,3,0,0,0,3,0,9
"D00662.003",0,3,3,0,0,0,3,0,9
"D00693.002",0,3,3,0,0,0,3,0,9
"D00163.001",0,3,3,0,0,0,3,0,9
"u",1,1,3,0,0,0,3,0,8
"CAAG",0,2,3,0,0,0,3,0,8
"GUGA",0,1,2,1,0,0,3,1,8
"D00292.001",0,3,3,0,0,0,2,0,8
"D00296.006",0,2,3,0,0,0,2,1,8
"D00736.002",0,2,3,0,0,0,3,0,8
"D00326.002",0,3,2,1,0,0,2,0,8
"D00357.002",0,3,3,0,0,0,2,0,8
"D00359.004",0,2,2,0,0,0,3,1,8
"D00361.001",0,2,3,0,0,0,3,0,8
"D00368.007",0,3,2,0,0,0,3,0,8
"D00371.003",0,2,3,0,0,0,3,0,8
"D00386.001",0,3,2,0,0,0,3,0,8
"D00099.001",0,3,3,0,0,0,2,0,8
"D00403.001",0,3,3,0,0,0,2,0,8
"D00417.005",0,3,1,1,0,0,3,0,8
"D00420.004",0,3,3,0,0,0,1,1,8
"D00421.003",0,2,2,0,0,0,3,1,8
"D00427.003",0,3,3,0,0,0,2,0,8
"D00110.001",0,1,3,0,0,0,3,1,8
"D00448.002",0,3,3,0,0,0,2,0,8
"D00453.002",0,3,3,0,0,0,1,1,8
"D00462.002",0,3,3,0,0,0,1,1,8
"D00472.003",0,1,3,0,0,0,3,1,8
"D00477.003",0,3,3,0,0,0,2,0,8
"D00480.002",0,3,3,0,0,0,1,1,8
"D00119.001",0,2,2,0,0,0,3,1,8
"D00512.001",0,2,2,0,0,0,3,1,8
"D00513.002",0,3,2,0,0,0,2,1,8
"D00528.001",0,3,3,0,0,0,2,0,8
"D00530.003",0,3,2,0,0,0,3,0,8
"D00532.003",0,3,3,0,0,0,1,1,8
"D00539.001",0,2,2,0,0,0,3,1,8
"D00541.001",0,3,2,0,0,0,3,0,8
"D00543.005",0,2,2,0,0,0,3,1,8
"D00544.005",0,2,2,0,0,0,3,1,8
"D00553.003",0,3,3,0,0,0,2,0,8
"D00554.003",0,2,3,0,0,0,3,0,8
"D00560.003",0,3,2,0,0,0,3,0,8
"D00581.002",0,2,3,0,0,0,3,0,8
"D00589.001",0,3,2,0,0,0,3,0,8
"D00591.002",0,3,3,0,0,0,2,0,8
"D00127.001",0,3,3,0,0,0,2,0,8
"D00602.008",0,3,3,0,0,0,2,0,8
"D00613.002",0,3,2,0,0,0,3,0,8
"D00130.001",0,2,3,0,0,0,3,0,8
"D00136.002",0,2,3,0,0,0,3,0,8
"D00212.001",0,3,3,0,0,0,2,0,8
"D00215.001",0,3,3,0,0,0,2,0,8
"D00639.003",0,3,3,0,0,0,2,0,8
"D00656.001",0,3,3,0,0,0,2,0,8
"D00148.002",0,2,3,0,0,0,3,0,8
"D00668.003",0,2,3,0,0,0,3,0,8
"D00163.002",0,3,2,0,0,0,3,0,8
"D00164.001",0,3,3,0,0,0,2,0,8
"D00165.001",0,3,3,0,0,0,2,0,8
"D00167.001",0,2,3,0,0,0,3,0,8
"D00728.002",0,3,2,0,0,0,3,0,8
"D00207.001",0,2,3,0,0,0,3,0,8
"a",0,1,3,0,0,0,3,0,7
"ACCA",0,1,3,1,0,0,2,0,7
"CCCA",0,1,2,1,0,0,3,0,7
"CUGA",0,1,2,0,0,0,3,1,7
"GACG",0,1,2,0,0,0,3,1,7
"multiloop",0,2,2,0,0,0,3,0,7
"hairpin",0,3,3,0,0,0,1,0,7
"longestHairpins",1,2,3,0,0,0,1,0,7
"D00085.001",0,2,2,0,0,0,3,0,7
"D00310.002",0,2,3,0,0,0,2,0,7
"D00313.002",0,3,3,0,0,0,1,0,7
"D00319.003",0,1,3,0,0,0,3,0,7
"D00321.003",0,3,2,0,0,0,2,0,7
"D00332.003",0,3,3,0,0,0,1,0,7
"D00335.003",0,2,3,0,0,0,2,0,7
"D00337.001",0,3,2,0,0,0,2,0,7
"D00346.003",0,2,3,0,0,0,2,0,7
"D00356.005",0,2,3,0,0,0,2,0,7
"D00195.001",0,3,3,0,0,0,1,0,7
"D00376.003",0,2,3,0,0,0,2,0,7
"D00380.002",0,2,3,0,0,0,2,0,7
"D00383.002",0,2,2,0,0,0,3,0,7
"D00384.002",0,2,2,0,0,0,3,0,7
"D00385.002",0,3,3,0,0,0,0,1,7
"D00396.003",0,2,1,0,0,0,3,1,7
"D00404.002",0,2,2,0,0,0,3,0,7
"D00409.003",0,2,2,0,0,0,3,0,7
"D00410.003",0,3,2,0,0,0,2,0,7
"D00424.002",0,3,3,0,0,0,1,0,7
"D00426.003",0,3,2,0,0,0,2,0,7
"D00425.002",0,3,2,0,0,0,2,0,7
"D00428.002",0,3,3,0,0,0,1,0,7
"D00431.002",0,3,2,0,0,0,2,0,7
"D00435.003",0,3,1,0,0,0,2,1,7
"D00216.001",0,2,1,0,0,0,3,1,7
"D00456.001",0,3,1,0,0,0,2,1,7
"D00457.003",0,3,2,0,0,0,1,1,7
"D00471.002",0,2,2,0,0,0,3,0,7
"D00481.003",0,2,3,0,0,0,1,1,7
"D00483.001",0,1,2,0,0,0,3,1,7
"D00211.001",0,1,2,0,0,0,3,1,7
"D00492.003",0,2,2,0,0,0,2,1,7
"D00519.002",0,3,2,0,0,0,1,1,7
"D00523.003",0,2,1,0,0,0,3,1,7
"D00547.003",0,3,3,0,0,0,1,0,7
"D00565.002",0,2,2,0,0,0,3,0,7
"D00200.001",0,2,2,0,0,0,3,0,7
"D00574.002",0,2,2,0,0,0,3,0,7
"D00596.005",0,2,3,0,0,0,2,0,7
"D00604.004",0,3,3,0,0,0,1,0,7
"D00607.006",0,3,2,0,0,0,2,0,7
"D00611.001",0,3,1,0,0,0,3,0,7
"D00210.001",0,3,3,0,0,0,1,0,7
"D00133.001",0,2,3,0,0,0,2,0,7
"D00134.001",0,2,3,0,0,0,2,0,7
"D00197.001",0,3,2,0,0,0,2,0,7
"D00256.001",0,2,2,0,0,0,3,0,7
"D00135.001",0,2,3,0,0,0,2,0,7
"D00198.001",0,3,3,0,0,0,1,0,7
"D00619.003",0,2,3,0,0,0,2,0,7
"D00622.003",0,2,3,0,0,0,2,0,7
"D00629.006",0,3,3,0,0,0,1,0,7
"D00152.001",0,2,2,0,0,0,3,0,7
"D00637.003",0,2,2,0,0,0,3,0,7
"D00659.002",0,3,1,0,0,0,3,0,7
"D00102.002",0,1,3,0,0,0,3,0,7
"D00153.001",0,2,2,0,0,0,3,0,7
"D00154.001",0,2,2,0,0,0,3,0,7
"D00665.002",0,2,3,0,0,0,2,0,7
"D00819.002",0,1,3,0,0,0,3,0,7
"D00682.002",0,1,3,0,0,0,3,0,7
"D00691.001",0,3,3,0,0,0,1,0,7
"D00707.004",0,3,2,0,0,0,2,0,7
"D00712.002",0,2,2,0,0,0,3,0,7
"D00713.003",0,3,2,0,0,0,2,0,7
"D00722.002",0,2,2,0,0,0,3,0,7
"D00731.003",0,3,3,0,0,0,1,0,7
"c",0,0,3,0,0,0,3,0,6
"AAGA",0,1,2,0,0,0,3,0,6
"AAGU",0,1,2,0,0,0,3,0,6
"AGGG",0,1,2,0,0,0,3,0,6
"AGUG",0,1,2,0,0,0,3,0,6
"AUCA",0,1,2,0,0,0,3,0,6
"CAAU",0,1,2,0,0,0,3,0,6
"CCAA",0,1,3,0,0,0,2,0,6
"GAAA",0,1,3,0,0,0,2,0,6
"GAAC",0,1,2,0,0,0,2,1,6
"GAUC",0,1,1,0,0,0,3,1,6
"GCCC",0,1,1,0,0,0,3,1,6
"GGUG",0,1,2,0,0,0,2,1,6
"UGAA",0,1,2,0,0,0,3,0,6
"UGAU",0,1,1,0,0,0,3,1,6
"D00304.003",0,3,1,0,0,0,2,0,6
"D00316.003",0,2,2,0,0,0,2,0,6
"D00201.001",0,1,3,0,0,0,2,0,6
"D00095.001",0,2,3,0,0,0,1,0,6
"D00328.003",0,0,3,0,0,0,3,0,6
"D00338.002",0,3,1,0,0,0,2,0,6
"D00341.003",0,2,3,0,0,0,1,0,6
"D00349.002",0,2,1,0,0,0,3,0,6
"D00360.004",0,3,2,0,0,0,1,0,6
"D00366.003",0,2,2,0,0,0,2,0,6
"D00196.001",0,2,2,0,0,0,2,0,6
"D00374.003",0,1,2,0,0,0,3,0,6
"D00379.001",0,2,2,0,0,0,2,0,6
"D00395.002",0,2,3,0,0,0,1,0,6
"D00401.003",0,3,0,0,0,0,3,0,6
"D00405.003",0,3,3,0,0,0,0,0,6
"D00406.002",0,3,2,0,0,0,1,0,6
"D00407.003",0,3,3,0,0,0,0,0,6
"D00103.001",0,1,2,0,0,0,3,0,6
"D00411.003",0,3,3,0,0,0,0,0,6
"D00416.005",0,3,2,0,0,0,1,0,6
"D00422.003",0,1,2,0,0,0,3,0,6
"D00433.003",0,2,2,0,0,0,2,0,6
"D00440.003",0,3,2,0,0,0,0,1,6
"D00443.001",0,2,1,0,0,0,3,0,6
"D00205.001",0,1,3,0,0,0,1,1,6
"D00473.003",0,2,3,0,0,0,0,1,6
"D00115.001",0,1,1,0,0,0,3,1,6
"D00490.003",0,2,1,0,0,0,2,1,6
"D00498.002",0,3,2,0,0,0,0,1,6
"D00501.003",0,2,1,0,0,0,2,1,6
"D00504.002",0,2,2,0,0,0,2,0,6
"D00507.002",0,2,2,0,0,0,1,1,6
"D00537.001",0,1,3,0,0,0,1,1,6
"D00555.002",0,1,3,0,0,0,2,0,6
"D00557.002",0,2,2,0,0,0,2,0,6
"D00568.001",0,3,2,0,0,0,1,0,6
"D00570.002",0,2,2,0,0,0,2,0,6
"D00576.005",0,2,2,0,0,0,2,0,6
"D00126.001",0,0,3,0,0,0,3,0,6
"D00590.001",0,3,2,0,0,0,1,0,6
"D00594.002",0,2,3,0,0,0,1,0,6
"D00598.001",0,3,3,0,0,0,0,0,6
"D00631.002",0,0,3,0,0,0,3,0,6
"D00645.006",0,2,2,0,0,0,2,0,6
"D00647.002",0,1,2,0,0,0,3,0,6
"D00649.002",0,2,2,0,0,0,2,0,6
"D00654.003",0,3,3,0,0,0,0,0,6
"D00655.002",0,3,2,0,0,0,1,0,6
"D00658.003",0,2,2,0,0,0,2,0,6
"D00660.005",0,3,1,0,0,0,2,0,6
"D00169.001",0,1,3,0,0,0,2,0,6
"D00169.006",0,1,3,0,0,0,2,0,6
"D00102.001",0,1,3,0,0,0,2,0,6
"D00148.001",0,1,3,0,0,0,2,0,6
"D00674.003",0,3,1,0,0,0,2,0,6
"D00680.001",0,3,2,0,0,0,1,0,6
"D00685.003",0,2,3,0,0,0,1,0,6
"D00690.003",0,3,2,0,0,0,1,0,6
"D00157.001",0,1,2,0,0,0,3,0,6
"D00702.001",0,2,2,0,0,0,2,0,6
"D00716.004",0,1,3,0,0,0,2,0,6
"D00724.003",0,2,1,0,0,0,3,0,6
"g",1,2,2,0,0,0,0,0,5
"AAAG",0,1,2,0,0,0,2,0,5
"AACU",0,1,1,0,0,0,3,0,5
"AAGC",0,1,1,0,0,0,3,0,5
"AAUU",0,1,2,0,0,0,2,0,5
"AGAG",0,1,2,0,0,0,2,0,5
"AGCU",0,1,2,0,0,0,2,0,5
"AGUU",0,1,1,0,0,0,3,0,5
"AUCG",0,1,1,0,0,0,3,0,5
"CCAG",0,1,2,0,0,0,2,0,5
"CCGC",0,1,1,0,0,0,3,0,5
"GAAG",0,1,1,0,0,0,3,0,5
"GAUU",0,1,1,0,0,0,3,0,5
"GCGC",0,1,1,0,0,1,1,1,5
"GGCC",0,1,1,0,0,0,2,1,5
"GGCU",0,1,1,0,0,0,2,1,5
"GGGC",0,1,1,0,0,0,2,1,5
"GGGU",0,1,1,0,0,0,2,1,5
"UCAC",0,1,2,0,0,0,2,0,5
"UUAG",0,1,1,0,0,0,3,0,5
"UUUU",0,0,2,0,0,0,3,0,5
"D00309.002",0,0,3,0,0,0,2,0,5
"D00311.003",0,3,0,0,0,0,2,0,5
"D00317.003",0,1,2,0,0,0,2,0,5
"D00340.003",0,3,2,0,0,0,0,0,5
"D00345.002",0,3,1,0,0,0,1,0,5
"D00347.003",0,3,0,0,0,0,2,0,5
"D00350.002",0,2,1,0,0,0,2,0,5
"D00354.002",0,2,1,0,0,0,2,0,5
"D00363.004",0,1,2,0,0,0,2,0,5
"D00370.003",0,2,1,0,0,0,2,0,5
"D00372.003",0,3,1,0,0,0,0,1,5
"D00378.007",0,2,1,0,0,0,2,0,5
"D00390.002",0,2,2,0,0,0,1,0,5
"D00392.002",0,2,3,0,0,0,0,0,5
"D00397.003",0,2,1,0,0,0,2,0,5
"D00398.001",0,2,2,0,0,0,1,0,5
"D00400.003",0,2,1,0,0,0,2,0,5
"D00206.001",0,1,2,0,0,0,1,1,5
"D00412.002",0,3,1,0,0,0,1,0,5
"D00429.003",0,2,2,0,0,0,1,0,5
"D00109.001",0,2,3,0,0,0,0,0,5
"D00110.002",0,2,2,0,0,0,0,1,5
"D00451.002",0,3,2,0,0,0,0,0,5
"D00464.001",0,2,2,0,0,0,1,0,5
"D00465.003",0,3,1,0,0,0,0,1,5
"D00468.003",0,2,1,0,0,0,1,1,5
"D00470.005",0,3,2,0,0,0,0,0,5
"D00487.003",0,2,1,0,0,0,1,1,5
"D00488.003",0,2,1,0,0,0,1,1,5
"D00489.002",0,2,1,0,0,0,1,1,5
"D00495.003",0,3,1,0,0,0,0,1,5
"D00118.002",0,1,0,0,0,0,3,1,5
"D00505.003",0,3,1,0,0,0,1,0,5
"D00508.004",0,2,1,0,0,0,2,0,5
"D00516.002",0,2,2,0,0,0,0,1,5
"D00520.002",0,2,1,0,0,0,1,1,5
"D00522.002",0,2,1,0,0,0,1,1,5
"D00123.001",0,1,2,0,0,0,1,1,5
"D00527.003",0,2,2,0,0,0,1,0,5
"D00531.003",0,2,1,0,0,0,1,1,5
"D00538.001",0,1,3,0,0,0,0,1,5
"D00542.005",0,2,1,0,0,0,1,1,5
"D00558.002",0,2,2,0,0,0,1,0,5
"D00575.003",0,2,1,0,0,0,2,0,5
"D00582.001",0,3,2,0,0,0,0,0,5
"D00600.001",0,2,2,0,0,0,1,0,5
"D00601.003",0,2,2,0,0,0,1,0,5
"D00138.001",0,1,1,0,0,0,3,0,5
"D00624.009",0,0,2,0,0,0,3,0,5
"D00624.007",0,2,2,0,0,0,1,0,5
"D00636.003",0,2,2,0,0,0,1,0,5
"D00642.003",0,3,2,0,0,0,0,0,5
"D00169.005",0,1,2,0,0,0,2,0,5
"D00155.001",0,2,3,0,0,0,0,0,5
"D00677.003",0,2,2,0,0,0,1,0,5
"D00687.001",0,2,1,0,0,0,2,0,5
"D00688.002",0,2,1,0,0,0,2,0,5
"D00695.002",0,1,3,0,0,0,1,0,5
"D00701.001",0,3,2,0,0,0,0,0,5
"D00704.001",0,2,2,0,0,0,1,0,5
"D00709.002",0,2,1,0,0,0,2,0,5
"D00715.002",0,1,2,0,0,0,2,0,5
"D00721.002",0,2,2,0,0,0,1,0,5
"D00733.003",0,1,1,0,0,0,3,0,5
"ACCC",0,0,1,0,0,0,3,0,4
"ACUG",0,1,1,0,0,0,2,0,4
"AGAU",0,1,1,0,0,0,2,0,4
"AGGC",0,1,0,0,0,0,3,0,4
"AUUU",0,0,1,0,0,0,3,0,4
"CACC",0,1,2,0,0,0,1,0,4
"CCCU",0,0,1,0,0,0,3,0,4
"CCUU",0,0,1,0,0,0,3,0,4
"CGAA",0,1,2,0,0,0,0,1,4
"CGGA",0,1,1,0,0,0,2,0,4
"GAAU",0,1,1,0,0,0,2,0,4
"GACU",0,0,0,0,0,0,3,1,4
"GAGC",0,1,1,0,0,0,2,0,4
"GCCA",0,1,1,0,0,0,1,1,4
"GCGG",0,1,0,0,0,0,3,0,4
"GCUA",0,1,1,0,0,0,1,1,4
"GGAG",0,1,1,0,0,0,2,0,4
"UCGA",0,1,1,0,0,0,1,1,4
"UGAC",0,1,1,0,0,0,2,0,4
"UGGG",0,1,1,0,0,0,2,0,4
"fiveprime",0,0,3,0,0,0,1,0,4
"threeprime",0,0,3,0,0,0,1,0,4
"D00293.003",0,2,2,0,0,0,0,0,4
"D00299.003",0,1,1,0,0,0,2,0,4
"D00305.003",0,2,0,0,0,0,2,0,4
"D00308.003",0,1,2,0,0,0,1,0,4
"D00322.002",0,2,1,0,0,0,1,0,4
"D00330.002",0,0,1,0,0,0,3,0,4
"D00344.002",0,3,0,0,0,0,1,0,4
"D00351.001",0,2,1,0,0,0,1,0,4
"D00351.006",0,2,1,0,0,0,1,0,4
"D00375.003",0,2,1,0,0,0,1,0,4
"D00388.003",0,1,0,0,0,0,2,1,4
"D00389.005",0,2,2,0,0,0,0,0,4
"D00408.003",0,2,1,0,0,0,1,0,4
"D00418.003",0,2,1,0,0,0,1,0,4
"D00423.005",0,3,1,0,0,0,0,0,4
"D00430.003",0,1,1,0,0,0,2,0,4
"D00432.003",0,2,1,0,0,0,1,0,4
"D00463.003",0,2,2,0,0,0,0,0,4
"D00214.001",0,1,2,0,0,0,1,0,4
"D00118.001",0,0,1,0,0,0,2,1,4
"D00510.003",0,1,2,0,0,0,0,1,4
"D00535.003",0,2,1,0,0,0,1,0,4
"D00536.003",0,1,1,0,0,0,1,1,4
"D00556.003",0,2,2,0,0,0,0,0,4
"D00562.006",0,2,1,0,0,0,1,0,4
"D00563.002",0,2,1,0,0,0,1,0,4
"D00564.004",0,1,1,0,0,0,2,0,4
"D00569.002",0,2,2,0,0,0,0,0,4
"D00572.002",0,1,2,0,0,0,1,0,4
"D00577.002",0,2,1,0,0,0,1,0,4
"D00583.002",0,2,1,0,0,0,1,0,4
"D00585.003",0,1,1,0,0,0,2,0,4
"D00597.001",0,2,1,0,0,0,1,0,4
"D00603.003",0,2,2,0,0,0,0,0,4
"D00274.001",0,1,2,0,0,0,1,0,4
"D00610.003",0,2,2,0,0,0,0,0,4
"D00131.001",0,1,3,0,0,0,0,0,4
"D00136.001",0,0,1,0,0,0,3,0,4
"D00628.002",0,2,2,0,0,0,0,0,4
"D00630.003",0,1,2,0,0,0,1,0,4
"D00640.003",0,2,2,0,0,0,0,0,4
"D00648.004",0,2,2,0,0,0,0,0,4
"D00652.003",0,2,1,0,0,0,1,0,4
"D00653.003",0,2,2,0,0,0,0,0,4
"D00697.002",0,2,2,0,0,0,0,0,4
"D00156.001",0,1,1,0,0,0,2,0,4
"D00673.001",0,1,1,0,0,0,2,0,4
"D00681.002",0,2,0,0,0,0,2,0,4
"D00686.002",0,2,0,0,0,0,2,0,4
"D00689.003",0,1,1,0,0,0,2,0,4
"D00700.001",0,0,1,0,0,0,3,0,4
"D00714.003",0,3,1,0,0,0,0,0,4
"D00719.002",0,3,1,0,0,0,0,0,4
"D00725.004",0,1,1,0,0,0,2,0,4
"D00726.003",0,2,1,0,0,0,1,0,4
"D00727.003",0,3,1,0,0,0,0,0,4
"D00729.003",0,2,2,0,0,0,0,0,4
"D00735.002",0,2,2,0,0,0,0,0,4
"AAAC",0,1,2,0,0,0,0,0,3
"AAGG",0,1,2,0,0,0,0,0,3
"ACAA",0,1,2,0,0,0,0,0,3
"ACUC",0,0,0,0,0,0,3,0,3
"AGUC",0,1,1,0,0,0,1,0,3
"AUUG",0,1,0,0,0,0,2,0,3
"CAUA",0,0,0,0,0,0,3,0,3
"CAUC",0,1,2,0,0,0,0,0,3
"CCAC",0,1,2,0,0,0,0,0,3
"CCAU",0,1,1,0,0,0,1,0,3
"CCGA",0,0,1,0,0,0,2,0,3
"CCGG",0,0,1,0,0,0,2,0,3
"CGAC",0,0,1,0,0,0,2,0,3
"CGCA",0,1,0,0,0,0,2,0,3
"CUAC",0,0,0,0,0,0,2,1,3
"CUUG",0,1,0,0,0,0,1,1,3
"GACA",0,0,1,0,0,0,2,0,3
"GACC",0,1,2,0,0,0,0,0,3
"GAGU",0,1,0,0,0,0,1,1,3
"GCAA",0,1,0,0,0,0,2,0,3
"GCCG",0,0,1,0,0,0,2,0,3
"GCCU",0,0,0,0,0,0,3,0,3
"GGCG",0,1,0,0,0,0,1,1,3
"GGGA",0,1,1,0,0,0,1,0,3
"GGGG",0,1,1,0,0,0,0,1,3
"GUCA",0,1,1,0,0,0,1,0,3
"GUCC",0,1,1,0,0,0,1,0,3
"GUUC",0,0,0,0,0,0,2,1,3
"UAAA",0,1,2,0,0,0,0,0,3
"UACC",0,0,1,0,0,0,2,0,3
"UAGG",0,1,1,0,0,0,1,0,3
"UAGU",0,1,0,0,0,0,2,0,3
"UAUU",0,0,1,0,0,0,2,0,3
"UCCU",0,0,0,0,0,0,3,0,3
"UGCG",0,1,0,0,0,0,2,0,3
"UGGC",0,0,0,0,0,0,3,0,3
"D00306.003",0,1,2,0,0,0,0,0,3
"D00312.002",0,2,1,0,0,0,0,0,3
"D00318.001",0,2,1,0,0,0,0,0,3
"D00320.001",0,3,0,0,0,0,0,0,3
"D00381.003",0,3,0,0,0,0,0,0,3
"D00436.002",0,2,0,0,0,0,1,0,3
"D00105.001",0,0,1,0,0,0,1,1,3
"D00474.003",0,2,0,0,0,0,1,0,3
"D00561.001",0,2,1,0,0,0,0,0,3
"D00571.002",0,2,1,0,0,0,0,0,3
"D00599.006",0,2,1,0,0,0,0,0,3
"D00222.001",0,1,2,0,0,0,0,0,3
"D00138.002",0,1,1,0,0,0,1,0,3
"D00616.002",0,1,1,0,0,0,1,0,3
"D00635.001",0,2,1,0,0,0,0,0,3
"D00672.001",0,1,0,0,0,0,2,0,3
"D00684.005",0,1,0,0,0,0,2,0,3
"D00700.006",0,1,2,0,0,0,0,0,3
"D00710.002",0,2,1,0,0,0,0,0,3
"D00711.003",0,2,1,0,0,0,0,0,3
"D00723.003",0,3,0,0,0,0,0,0,3
"D00732.005",0,2,1,0,0,0,0,0,3
"D00734.003",0,3,0,0,0,0,0,0,3
"AAAA",0,0,2,0,0,0,0,0,2
"AAAU",0,0,2,0,0,0,0,0,2
"AACC",0,0,2,0,0,0,0,0,2
"AACG",0,0,0,0,0,0,2,0,2
"AAUC",0,1,1,0,0,0,0,0,2
"ACAU",0,0,0,0,0,0,2,0,2
"ACGA",0,1,1,0,0,0,0,0,2
"ACGU",0,1,0,0,0,0,1,0,2
"ACUA",0,0,0,0,0,0,2,0,2
"AGAA",0,1,1,0,0,0,0,0,2
"AGAC",0,0,2,0,0,0,0,0,2
"AGCC",0,1,0,0,0,0,1,0,2
"AGGA",0,1,1,0,0,0,0,0,2
"AGGU",0,1,1,0,0,0,0,0,2
"AUGG",0,1,0,0,0,0,1,0,2
"AUGU",0,0,0,0,0,0,2,0,2
"AUUA",0,0,1,0,0,0,1,0,2
"CAAA",0,0,2,0,0,0,0,0,2
"CAAC",0,0,1,0,0,0,1,0,2
"CAGA",0,1,1,0,0,0,0,0,2
"CCCC",0,0,1,0,0,0,1,0,2
"CGAG",0,1,1,0,0,0,0,0,2
"CGCC",0,0,1,0,0,0,1,0,2
"CGGG",0,0,0,0,0,0,2,0,2
"CGUC",0,1,0,0,0,0,1,0,2
"CUAA",0,1,1,0,0,0,0,0,2
"CUCC",0,0,1,0,0,0,1,0,2
"CUUA",0,0,1,0,0,0,0,1,2
"CUUC",0,0,0,0,0,0,2,0,2
"GAGA",0,1,1,0,0,0,0,0,2
"GAGG",0,1,1,0,0,0,0,0,2
"GAUG",0,1,0,0,0,0,1,0,2
"GCGU",0,1,0,0,0,0,1,0,2
"GCUC",0,0,0,0,0,0,2,0,2
"GCUU",0,1,0,0,0,0,0,1,2
"GGAA",0,1,1,0,0,0,0,0,2
"GGAC",0,1,1,0,0,0,0,0,2
"GUGG",0,0,0,0,0,0,2,0,2
"GUUG",0,1,0,0,0,0,1,0,2
"UAAG",0,1,1,0,0,0,0,0,2
"UAGC",0,0,0,0,0,0,2,0,2
"UCAG",0,1,0,0,0,0,1,0,2
"UCCA",0,0,1,0,0,0,1,0,2
"UCCC",0,0,1,0,0,0,1,0,2
"UCCG",0,0,1,0,0,0,1,0,2
"UCGC",0,0,0,0,0,0,2,0,2
"UCGU",0,1,1,0,0,0,0,0,2
"UCUU",0,0,1,0,0,0,1,0,2
"UGGU",0,0,0,0,0,0,2,0,2
"UUAC",0,0,0,0,0,0,2,0,2
"UUCC",0,0,0,0,0,0,2,0,2
"UUCU",0,0,0,0,0,0,1,1,2
"UUGA",0,1,0,0,0,0,1,0,2
"UUGG",0,1,0,0,0,0,1,0,2
"UUUA",0,0,1,0,0,0,1,0,2
"D00298.003",0,2,0,0,0,0,0,0,2
"D00087.001",0,1,1,0,0,0,0,0,2
"D00324.003",0,2,0,0,0,0,0,0,2
"D00559.001",0,1,1,0,0,0,0,0,2
"D00224.001",0,1,0,0,0,0,1,0,2
"D00794.047",0,1,1,0,0,0,0,0,2
"D00595.001",0,2,0,0,0,0,0,0,2
"D00614.001",0,2,0,0,0,0,0,0,2
"D00651.003",0,1,0,0,0,0,1,0,2
"AACA",0,0,1,0,0,0,0,0,1
"AAUA",0,0,0,0,0,0,1,0,1
"ACAC",0,0,0,0,0,0,1,0,1
"ACAG",0,0,0,0,0,0,1,0,1
"ACCG",0,0,1,0,0,0,0,0,1
"ACGG",0,0,0,0,0,0,1,0,1
"ACUU",0,0,0,0,0,0,1,0,1
"AGCG",0,0,0,0,0,0,1,0,1
"AGUA",0,0,0,0,0,0,1,0,1
"AUAG",0,0,0,0,0,0,1,0,1
"AUAU",0,0,0,0,0,0,1,0,1
"AUCU",0,0,0,0,0,0,1,0,1
"AUGA",0,0,0,0,0,0,1,0,1
"AUGC",0,0,0,0,0,0,1,0,1
"CAGC",0,0,0,0,0,0,1,0,1
"CCCG",0,0,0,0,0,0,1,0,1
"CCGU",0,0,0,0,0,0,1,0,1
"CCUC",0,0,1,0,0,0,0,0,1
"CGGU",0,0,0,0,0,0,1,0,1
"CUCU",0,0,0,0,0,0,1,0,1
"CUGU",0,0,0,0,0,0,1,0,1
"CUUU",0,0,1,0,0,0,0,0,1
"GAUA",0,0,0,0,0,0,1,0,1
"GCAC",0,0,0,0,0,0,1,0,1
"GGCA",0,0,0,0,0,0,1,0,1
"GGUC",0,0,0,0,0,0,1,0,1
"GUAU",0,0,0,0,0,0,1,0,1
"GUGC",0,1,0,0,0,0,0,0,1
"GUUU",0,0,0,0,0,0,1,0,1
"UAAC",0,0,0,0,0,0,1,0,1
"UACA",0,0,0,0,0,0,1,0,1
"UACG",0,0,0,0,0,0,1,0,1
"UAUC",0,0,0,0,0,0,1,0,1
"UAUG",0,0,0,0,0,0,1,0,1
"UCAA",0,0,1,0,0,0,0,0,1
"UCUA",0,0,0,0,0,0,1,0,1
"UGAG",0,1,0,0,0,0,0,0,1
"UGCC",0,0,0,0,0,0,1,0,1
"UGUA",0,0,0,0,0,0,1,0,1
"UGUC",0,0,0,0,0,0,1,0,1
"UUAA",0,0,1,0,0,0,0,0,1
"UUGC",0,0,0,0,0,0,1,0,1
"UUGU",0,0,0,0,0,0,1,0,1
"UUUC",0,0,1,0,0,0,0,0,1
"UUUG",0,0,0,0,0,0,1,0,1
"D00348.003",0,1,0,0,0,0,0,0,1
"D00769.001",0,0,0,0,0,0,1,0,1
"D00521.003",0,1,0,0,0,0,0,0,1
"D00692.002",0,0,0,0,0,0,1,0,1
"chr",0,0,0,0,0,0,0,0,0
"strand",0,0,0,0,0,0,0,0,0
"AAUG",0,0,0,0,0,0,0,0,0
"ACCU",0,0,0,0,0,0,0,0,0
"ACGC",0,0,0,0,0,0,0,0,0
"AGCA",0,0,0,0,0,0,0,0,0
"AUAA",0,0,0,0,0,0,0,0,0
"AUAC",0,0,0,0,0,0,0,0,0
"AUCC",0,0,0,0,0,0,0,0,0
"AUUC",0,0,0,0,0,0,0,0,0
"CACA",0,0,0,0,0,0,0,0,0
"CACG",0,0,0,0,0,0,0,0,0
"CACU",0,0,0,0,0,0,0,0,0
"CAGG",0,0,0,0,0,0,0,0,0
"CAGU",0,0,0,0,0,0,0,0,0
"CAUG",0,0,0,0,0,0,0,0,0
"CAUU",0,0,0,0,0,0,0,0,0
"CCUA",0,0,0,0,0,0,0,0,0
"CCUG",0,0,0,0,0,0,0,0,0
"CGAU",0,0,0,0,0,0,0,0,0
"CGCG",0,0,0,0,0,0,0,0,0
"CGCU",0,0,0,0,0,0,0,0,0
"CGGC",0,0,0,0,0,0,0,0,0
"CGUA",0,0,0,0,0,0,0,0,0
"CGUG",0,0,0,0,0,0,0,0,0
"CGUU",0,0,0,0,0,0,0,0,0
"CUAG",0,0,0,0,0,0,0,0,0
"CUAU",0,0,0,0,0,0,0,0,0
"CUCA",0,0,0,0,0,0,0,0,0
"CUCG",0,0,0,0,0,0,0,0,0
"CUGC",0,0,0,0,0,0,0,0,0
"CUGG",0,0,0,0,0,0,0,0,0
"GCAG",0,0,0,0,0,0,0,0,0
"GCAU",0,0,0,0,0,0,0,0,0
"GCGA",0,0,0,0,0,0,0,0,0
"GCUG",0,0,0,0,0,0,0,0,0
"GGAU",0,0,0,0,0,0,0,0,0
"GGUA",0,0,0,0,0,0,0,0,0
"GGUU",0,0,0,0,0,0,0,0,0
"GUAA",0,0,0,0,0,0,0,0,0
"GUAC",0,0,0,0,0,0,0,0,0
"GUAG",0,0,0,0,0,0,0,0,0
"GUCG",0,0,0,0,0,0,0,0,0
"GUCU",0,0,0,0,0,0,0,0,0
"GUGU",0,0,0,0,0,0,0,0,0
"GUUA",0,0,0,0,0,0,0,0,0
"UAAU",0,0,0,0,0,0,0,0,0
"UACU",0,0,0,0,0,0,0,0,0
"UAGA",0,0,0,0,0,0,0,0,0
"UAUA",0,0,0,0,0,0,0,0,0
"UCAU",0,0,0,0,0,0,0,0,0
"UCGG",0,0,0,0,0,0,0,0,0
"UCUC",0,0,0,0,0,0,0,0,0
"UCUG",0,0,0,0,0,0,0,0,0
"UGCA",0,0,0,0,0,0,0,0,0
"UGCU",0,0,0,0,0,0,0,0,0
"UGGA",0,0,0,0,0,0,0,0,0
"UGUG",0,0,0,0,0,0,0,0,0
"UGUU",0,0,0,0,0,0,0,0,0
"UUAU",0,0,0,0,0,0,0,0,0
"UUCA",0,0,0,0,0,0,0,0,0
"UUCG",0,0,0,0,0,0,0,0,0
"label",0,0,0,0,0,0,0,0,0
